{

    "metadata" :
    {
        "formatVersion" : 3.1,
        "sourceFile"    : "iceberg-1.obj",
        "generatedBy"   : "OBJConverter",
        "vertices"      : 54,
        "faces"         : 104,
        "normals"       : 0,
        "colors"        : 0,
        "uvs"           : 0,
        "materials"     : 0
    },

    "scale" : 1.000000,

    "materials": [	{
	"DbgColor" : 15658734,
	"DbgIndex" : 0,
	"DbgName" : "default"
	}],

    "vertices": [-0.070000,-0.494000,-2.336000,0.353000,1.245000,-3.114000,1.627000,-0.317000,-2.396000,2.755000,-4.584000,-0.584000,2.302000,-0.141000,1.527000,3.149000,-2.264000,1.594000,-3.073000,-4.299000,0.724000,-2.460000,-2.267000,1.184000,-2.641000,-1.089000,-1.306000,-0.488000,1.558000,-2.007000,0.936000,4.780000,-0.629000,2.132000,3.447000,-2.217000,1.957000,3.158000,-0.461000,2.267000,0.132000,2.487000,1.605000,-0.877000,3.739000,1.421000,2.686000,1.507000,0.863000,4.364000,0.920000,-0.417000,4.936000,1.478000,2.760000,-1.985000,-3.259000,3.215000,-0.164000,-1.719000,2.413000,-1.027000,-1.284000,-0.534000,-2.676000,3.327000,-1.358000,-0.229000,2.516000,-2.415000,-1.051000,2.701000,-1.167000,4.199000,0.771000,-0.922000,4.677000,-0.319000,1.207000,-2.053000,2.880000,0.440000,0.958000,2.556000,0.389000,-3.709000,2.553000,-0.317000,-3.609000,-3.005000,-0.198000,4.714000,-0.536000,1.198000,-4.642000,3.169000,0.749000,-4.554000,0.505000,-2.506000,1.359000,2.388000,-2.431000,1.618000,0.616000,-2.098000,1.527000,-1.526000,-2.355000,-0.914000,-2.743000,-1.222000,-0.563000,-2.784000,-2.043000,-4.209000,2.652000,-1.149000,-4.992000,-0.714000,-0.809000,-4.206000,0.480000,-0.642000,1.654000,2.633000,2.279000,-4.501000,-1.954000,1.923000,1.842000,0.464000,3.240000,2.101000,1.322000,2.889000,-3.836000,2.816000,-2.606000,-4.206000,-0.671000,0.936000,2.285000,-1.753000,-2.208000,3.511000,-1.885000,-0.691000,3.199000,-2.403000,0.717000,-4.582000,-2.743000,-2.568000,-4.369000,-2.549000,3.179000,-1.546000,-0.931000,-2.936000,0.241000,0.127000],

    "morphTargets": [],

    "morphColors": [],

    "normals": [],

    "colors": [],

    "uvs": [[]],

    "faces": [34,0,1,2,0,0,1,2,34,3,4,5,0,3,4,5,34,6,7,8,0,6,7,8,34,9,10,1,0,9,10,1,34,11,10,12,0,11,10,12,34,5,13,14,0,5,13,14,34,15,16,17,0,15,16,17,34,18,19,20,0,18,19,20,34,21,22,23,0,21,22,23,34,24,17,25,0,24,17,25,34,26,27,28,0,26,27,28,34,29,0,2,0,29,0,2,34,30,16,10,0,30,16,10,34,31,32,3,0,31,32,3,34,12,16,15,0,12,16,15,34,33,34,23,0,33,34,23,34,8,35,36,0,8,35,36,34,36,9,37,0,36,9,37,34,28,21,38,0,28,21,38,34,6,39,40,0,6,39,40,34,22,41,33,0,22,41,33,34,36,35,9,0,36,35,9,34,18,20,42,0,18,20,42,34,33,24,34,0,33,24,34,34,43,44,4,0,43,44,4,34,45,26,31,0,45,26,31,34,22,33,23,0,22,33,23,34,14,27,26,0,14,27,26,34,38,7,6,0,38,7,6,34,46,6,8,0,46,6,8,34,25,16,30,0,25,16,30,34,0,9,1,0,0,9,1,34,38,23,7,0,38,23,7,34,1,47,11,0,1,47,11,34,43,15,44,0,43,15,44,34,35,48,49,0,35,48,49,34,33,17,24,0,33,17,24,34,27,17,41,0,27,17,41,34,38,21,23,0,38,21,23,34,48,30,49,0,48,30,49,34,49,30,9,0,49,30,9,34,34,24,25,0,34,24,25,34,48,25,30,0,48,25,30,34,2,12,19,0,2,12,19,34,4,15,13,0,4,15,13,34,9,30,10,0,9,30,10,34,39,29,50,0,39,29,50,34,32,42,3,0,32,42,3,34,37,9,0,0,37,9,0,34,34,25,35,0,34,25,35,34,36,37,51,0,36,37,51,34,39,50,40,0,39,50,40,34,38,6,40,0,38,6,40,34,7,23,34,0,7,23,34,34,28,27,41,0,28,27,41,34,31,3,45,0,31,3,45,34,51,8,36,0,51,8,36,34,42,20,52,0,42,20,52,34,14,13,27,0,14,13,27,34,7,53,8,0,7,53,8,34,20,43,52,0,20,43,52,34,15,17,27,0,15,17,27,34,50,2,18,0,50,2,18,34,18,2,19,0,18,2,19,34,38,40,28,0,38,40,28,34,1,10,47,0,1,10,47,34,13,15,27,0,13,15,27,34,3,52,4,0,3,52,4,34,29,2,50,0,29,2,50,34,5,4,13,0,5,4,13,34,46,29,39,0,46,29,39,34,45,14,26,0,45,14,26,34,45,5,14,0,45,5,14,34,3,5,45,0,3,5,45,34,47,10,11,0,47,10,11,34,41,17,33,0,41,17,33,34,35,49,9,0,35,49,9,34,28,41,22,0,28,41,22,34,1,11,2,0,1,11,2,34,20,19,43,0,20,19,43,34,40,32,28,0,40,32,28,34,50,18,42,0,50,18,42,34,51,37,29,0,51,37,29,34,4,44,15,0,4,44,15,34,2,11,12,0,2,11,12,34,6,46,39,0,6,46,39,34,46,51,29,0,46,51,29,34,28,32,31,0,28,32,31,34,43,12,15,0,43,12,15,34,52,43,4,0,52,43,4,34,21,28,22,0,21,28,22,34,32,40,42,0,32,40,42,34,19,12,43,0,19,12,43,34,53,34,35,0,53,34,35,34,46,8,51,0,46,8,51,34,12,10,16,0,12,10,16,34,35,25,48,0,35,25,48,34,42,52,3,0,42,52,3,34,37,0,29,0,37,0,29,34,7,34,53,0,7,34,53,34,31,26,28,0,31,26,28,34,53,35,8,0,53,35,8,34,25,17,16,0,25,17,16,34,40,50,42,0,40,50,42]
 
}
