{

    "metadata" :
    {
        "formatVersion" : 3.1,
        "sourceFile"    : "iceberg-3.obj",
        "generatedBy"   : "OBJConverter",
        "vertices"      : 54,
        "faces"         : 104,
        "normals"       : 0,
        "colors"        : 0,
        "uvs"           : 0,
        "materials"     : 0
    },

    "scale" : 1.000000,

    "materials": [	{
	"DbgColor" : 15658734,
	"DbgIndex" : 0,
	"DbgName" : "default"
	}],

    "vertices": [0.215000,1.912000,1.860000,0.929000,4.395000,1.076000,-0.395000,4.521000,1.014000,1.833000,2.960000,1.865000,-1.333000,-3.968000,-2.462000,-1.052000,-1.311000,-3.414000,0.517000,-1.825000,-2.655000,-1.702000,2.259000,1.604000,-1.696000,3.900000,0.376000,0.005000,-4.820000,-3.027000,1.066000,-4.564000,-3.575000,0.708000,1.337000,-1.992000,0.676000,4.187000,-1.222000,2.135000,2.598000,-1.799000,2.073000,-4.114000,-2.538000,2.621000,-0.853000,-2.680000,2.931000,-4.946000,1.339000,1.356000,-4.307000,0.050000,2.765000,-4.460000,-0.415000,-0.505000,1.010000,2.313000,-2.435000,-0.454000,1.100000,-0.970000,4.256000,-0.946000,-3.065000,-2.688000,-1.505000,-2.232000,1.211000,-0.848000,-1.808000,1.654000,-2.112000,3.591000,-2.148000,0.388000,1.446000,-3.754000,2.820000,2.424000,-1.746000,2.752000,0.347000,-1.444000,2.774000,-0.593000,-4.404000,2.626000,0.179000,-5.030000,1.186000,-2.786000,-3.706000,-2.866000,-0.096000,1.946000,-2.482000,1.208000,4.209000,-0.233000,-1.072000,-0.982000,3.322000,-1.608000,-5.466000,-0.845000,0.175000,-5.102000,-1.812000,-3.381000,-2.141000,1.145000,-3.131000,-1.164000,-0.071000,-2.372000,-0.542000,2.498000,-2.536000,-4.137000,2.359000,-2.460000,-2.935000,-0.255000,-3.299000,-4.903000,0.921000,-2.654000,-4.235000,-0.791000,-1.789000,-5.722000,1.097000,-0.788000,-4.132000,0.489000,1.085000,-5.687000,-0.653000,2.206000,0.232000,2.674000,2.423000,-1.704000,1.593000,-0.462000,-4.405000,-0.848000,2.696000,-2.284000,-1.774000,2.393000,-3.091000,-0.504000,2.457000,1.354000,0.975000,2.107000,0.973000,-0.108000],

    "morphTargets": [],

    "morphColors": [],

    "normals": [],

    "colors": [],

    "uvs": [[]],

    "faces": [34,0,1,2,0,0,1,2,34,3,1,0,0,3,1,0,34,4,5,6,0,4,5,6,34,7,2,8,0,7,2,8,34,9,6,10,0,9,6,10,34,11,12,13,0,11,12,13,34,14,10,15,0,14,10,15,34,16,17,18,0,16,17,18,34,19,2,7,0,19,2,7,34,20,8,21,0,20,8,21,34,22,23,24,0,22,23,24,34,18,25,16,0,18,25,16,34,26,27,28,0,26,27,28,34,10,6,15,0,10,6,15,34,8,2,21,0,8,2,21,34,0,2,19,0,0,2,19,34,29,30,26,0,29,30,26,34,31,32,5,0,31,32,5,34,21,33,12,0,21,33,12,34,28,19,34,0,28,19,34,34,35,4,36,0,35,4,36,34,30,17,26,0,30,17,26,34,31,24,32,0,31,24,32,34,37,20,38,0,37,20,38,34,5,32,11,0,5,32,11,34,29,39,40,0,29,39,40,34,39,7,20,0,39,7,20,34,22,24,31,0,22,24,31,34,38,20,23,0,38,20,23,34,34,7,39,0,34,7,39,34,41,23,22,0,41,23,22,34,39,20,37,0,39,20,37,34,42,37,41,0,42,37,41,34,38,23,41,0,38,23,41,34,42,41,43,0,42,41,43,34,40,44,45,0,40,44,45,34,24,21,32,0,24,21,32,34,42,43,35,0,42,43,35,34,28,0,19,0,28,0,19,34,30,36,46,0,30,36,46,34,43,31,4,0,43,31,4,34,43,41,22,0,43,41,22,34,47,3,0,0,47,3,0,34,48,47,27,0,48,47,27,34,17,14,18,0,17,14,18,34,32,21,12,0,32,21,12,34,35,36,49,0,35,36,49,34,4,6,9,0,4,6,9,34,19,7,34,0,19,7,34,34,14,15,50,0,14,15,50,34,18,50,51,0,18,50,51,34,45,35,49,0,45,35,49,34,18,51,25,0,18,51,25,34,40,45,29,0,40,45,29,34,16,25,48,0,16,25,48,34,16,48,27,0,16,48,27,34,25,52,48,0,25,52,48,34,32,12,11,0,32,12,11,34,30,46,17,0,30,46,17,34,51,50,25,0,51,50,25,34,26,28,29,0,26,28,29,34,40,37,42,0,40,37,42,34,27,47,0,0,27,47,0,34,46,36,14,0,46,36,14,34,11,13,15,0,11,13,15,34,31,5,4,0,31,5,4,34,50,53,25,0,50,53,25,34,40,42,44,0,40,42,44,34,5,11,6,0,5,11,6,34,23,21,24,0,23,21,24,34,21,2,1,0,21,2,1,34,6,11,15,0,6,11,15,34,27,0,28,0,27,0,28,34,7,8,20,0,7,8,20,34,25,53,52,0,25,53,52,34,45,49,30,0,45,49,30,34,48,52,47,0,48,52,47,34,15,13,33,0,15,13,33,34,37,38,41,0,37,38,41,34,53,1,52,0,53,1,52,34,36,9,10,0,36,9,10,34,21,1,33,0,21,1,33,34,15,53,50,0,15,53,50,34,43,4,35,0,43,4,35,34,14,50,18,0,14,50,18,34,36,10,14,0,36,10,14,34,15,33,53,0,15,33,53,34,46,14,17,0,46,14,17,34,49,36,30,0,49,36,30,34,4,9,36,0,4,9,36,34,52,1,3,0,52,1,3,34,13,12,33,0,13,12,33,34,52,3,47,0,52,3,47,34,43,22,31,0,43,22,31,34,40,39,37,0,40,39,37,34,53,33,1,0,53,33,1,34,20,21,23,0,20,21,23,34,26,17,16,0,26,17,16,34,16,27,26,0,16,27,26,34,29,28,34,0,29,28,34,34,29,45,30,0,29,45,30,34,42,45,44,0,42,45,44,34,42,35,45,0,42,35,45,34,29,34,39,0,29,34,39]

}
