{"metadata":{"formatVersion":3.1,"sourceFile":"iceberg-3.obj","generatedBy":"OBJConverter","vertices":54,"faces":104,"normals":0,"colors":0,"uvs":0,"materials":1},"scale":1,"materials":[{"DbgColor":15658734,"DbgIndex":0,"DbgName":"default"}],"vertices":[-278.649048,-370.625702,-286.583618,239.341461,-309.12149,-50.374416,242.42598,-174.631653,275.211395,-178.928513,-572.174683,109.714249,17.521076,-510.24707,-181.238678,92.879486,439.492279,107.569672,-338.060577,-214.075928,114.542091,67.644936,418.664185,-122.200241,-133.31601,-396.822357,-246.205505,293.119171,-494.62619,133.881699,213.455597,259.816223,-179.880173,-107.158348,-98.180824,332.211273,-160.824493,-546.561218,-84.511131,-170.168488,225.871964,160.399429,-180.766022,165.437546,-211.172577,-39.540077,452.087006,101.426262,-245.988663,-293.49411,-25.541451,-253.623184,-413.723206,235.859604,-97.032257,425.563599,-94.640144,-223.161087,121.133461,-84.833885,-237.227676,-54.172718,249.788055,276.53714,-446.045441,-41.479351,21.538019,191.205872,186.030197,-265.367706,-423.457672,-79.07972,0.54876,-482.040222,-302.712219,210.685028,97.314133,-10.848763,-105.222275,-131.134918,-341.407043,34.711529,-144.441589,277.393219,144.550858,-375.385895,282.033173,-9.576381,194.563904,-248.232483,207.263626,-411.42807,-253.848984,-46.173058,-440.502533,-84.801567,-169.606979,390.031647,37.552818,359.072174,-214.771774,38.791241,245.728027,135.438782,97.524651,-243.52211,-45.380013,109.98912,17.891096,-503.034241,118.626564,-59.299858,-440.363129,262.605408,269.628998,-228.394119,-177.400406,242.303268,-170.353302,159.300781,106.604691,-456.398285,-357.512817,262.067932,-85.302444,-267.971039,51.709167,-182.466675,-265.471405,-313.060211,-116.357841,-7.126134,183.31813,295.983215,186.460007,70.761513,133.680771,-199.225616,-306.461823,-268.779419,-150.520416,120.800888,420.931519,-23.346561,135.643768,-430.681274,4.971549,-329.934631,-490.281555,92.133568,-50.46928,101.016342,231.265411,220.639847,23.199121,267.378998,-78.793602,-413.233307,48.947182,108.524345,-568.708496,-65.347107],"morphTargets":[],"morphColors":[],"normals":[],"colors":[],"uvs":[[]],"faces":[2,22,5,15,0,2,44,5,22,0,2,8,26,42,0,2,13,15,32,0,2,24,42,40,0,2,45,7,10,0,2,30,40,41,0,2,9,48,21,0,2,50,15,13,0,2,35,32,18,0,2,46,19,14,0,2,21,33,9,0,2,28,2,27,0,2,40,42,41,0,2,32,15,18,0,2,22,15,50,0,2,37,36,28,0,2,0,29,26,0,2,18,47,7,0,2,27,50,11,0,2,12,8,4,0,2,36,48,28,0,2,0,14,29,0,2,6,35,43,0,2,26,29,45,0,2,37,20,17,0,2,20,13,35,0,2,46,14,0,0,2,43,35,19,0,2,11,13,20,0,2,16,19,46,0,2,20,35,6,0,2,49,6,16,0,2,43,19,16,0,2,49,16,23,0,2,17,3,52,0,2,14,18,29,0,2,49,23,12,0,2,27,22,50,0,2,36,4,53,0,2,23,0,8,0,2,23,16,46,0,2,51,44,22,0,2,39,51,2,0,2,48,30,21,0,2,29,18,7,0,2,12,4,31,0,2,8,42,24,0,2,50,13,11,0,2,30,41,38,0,2,21,38,1,0,2,52,12,31,0,2,21,1,33,0,2,17,52,37,0,2,9,33,39,0,2,9,39,2,0,2,33,34,39,0,2,29,7,45,0,2,36,53,48,0,2,1,38,33,0,2,28,27,37,0,2,17,6,49,0,2,2,51,22,0,2,53,4,30,0,2,45,10,41,0,2,0,26,8,0,2,38,25,33,0,2,17,49,3,0,2,26,45,42,0,2,19,18,14,0,2,18,15,5,0,2,42,45,41,0,2,2,22,27,0,2,13,32,35,0,2,33,25,34,0,2,52,31,36,0,2,39,34,51,0,2,41,10,47,0,2,6,43,16,0,2,25,5,34,0,2,4,24,40,0,2,18,5,47,0,2,41,25,38,0,2,23,8,12,0,2,30,38,21,0,2,4,40,30,0,2,41,47,25,0,2,53,30,48,0,2,31,4,36,0,2,8,24,4,0,2,34,5,44,0,2,10,7,47,0,2,34,44,51,0,2,23,46,0,0,2,17,20,6,0,2,25,47,5,0,2,35,18,19,0,2,28,48,9,0,2,9,2,28,0,2,37,27,11,0,2,37,52,36,0,2,49,52,3,0,2,49,12,52,0,2,37,11,20,0]}