{

    "metadata" :
    {
        "formatVersion" : 3.1,
        "sourceFile"    : "iceberg-2.obj",
        "generatedBy"   : "OBJConverter",
        "vertices"      : 54,
        "faces"         : 104,
        "normals"       : 0,
        "colors"        : 0,
        "uvs"           : 0,
        "materials"     : 1
    },

    "scale" : 1.000000,

    "materials": [	{
	"DbgColor" : 15658734,
	"DbgIndex" : 0,
	"DbgName" : "default"
	}],

    "vertices": [88.940804,127.705101,199.030807,225.591324,13.009514,-238.393204,246.396957,-382.880707,306.969269,107.569641,-524.327759,-63.891300,-123.511276,-401.843811,-250.355637,-152.674881,138.611084,-149.347733,-83.946472,-421.115143,-3.269068,217.247437,-35.845245,-44.350426,-285.723785,-430.957703,285.061737,-239.100784,-393.845520,-254.325867,-217.211823,-186.945343,-296.109772,187.675369,106.011375,175.551971,101.167824,326.805939,-161.204391,-298.396973,86.430748,-77.410210,-29.746916,338.975311,-141.709885,-34.707054,456.436035,-27.762985,147.413956,253.248611,31.685640,260.740479,-239.232635,-270.632538,-98.356155,-212.998489,-297.716980,-216.589478,-458.310303,155.017838,-233.385376,-220.213043,-53.030655,19.814505,153.810425,-200.094482,40.510376,405.509094,73.769913,112.479507,-391.362732,267.681396,-17.480801,-449.686951,-275.963135,256.246063,-190.419693,245.304688,-86.108475,-431.980927,283.156372,309.214355,-233.776871,58.447163,11.796399,-461.735260,135.729996,-307.853149,-466.891205,93.526451,221.286972,48.284058,-114.037132,-93.580200,-113.931419,276.152985,-159.706604,-507.587036,-87.481651,42.825344,407.312256,-13.575669,136.706223,-423.931915,4.246784,280.214508,-468.965973,109.682594,-141.133575,269.515961,-48.168926,27.262512,-48.690296,232.886673,17.299913,-481.678223,-182.129395,-251.529373,18.414221,-206.689041,103.725395,-447.390594,-333.898376,-316.357544,-179.001205,63.744732,-46.450211,453.861908,76.600822,246.746780,-418.475891,-60.086689,-150.400635,190.713760,109.933273,302.115387,-170.431625,-91.526566,-260.862640,-87.093117,201.790649,-277.656433,-397.433014,-82.487076,250.171738,88.363525,76.928932,-213.635193,-12.979306,58.929352,252.823532,-405.040192,-233.940491,124.082794,-141.466888,-237.005951,121.058258,74.860397,-254.247192,-64.259209,92.022560,280.511993],

    "morphTargets": [],

    "morphColors": [],

    "normals": [],

    "colors": [],

    "uvs": [[]],

    "faces": [2,49,44,36,0,2,4,9,18,0,2,4,18,24,0,2,0,22,42,0,2,29,41,20,0,2,19,41,29,0,2,50,40,17,0,2,8,28,26,0,2,9,10,18,0,2,10,21,18,0,2,11,22,0,0,2,24,18,51,0,2,49,36,13,0,2,40,51,17,0,2,47,10,9,0,2,18,52,51,0,2,21,12,52,0,2,37,0,42,0,2,21,33,12,0,2,51,1,17,0,2,47,9,4,0,2,26,46,8,0,2,24,51,40,0,2,32,4,38,0,2,53,42,44,0,2,20,13,5,0,2,50,45,43,0,2,51,52,1,0,2,41,13,20,0,2,8,19,28,0,2,27,11,35,0,2,1,33,30,0,2,3,50,34,0,2,26,28,23,0,2,52,12,1,0,2,5,36,14,0,2,29,6,19,0,2,20,39,10,0,2,2,37,23,0,2,5,14,21,0,2,19,6,28,0,2,14,15,21,0,2,34,50,43,0,2,25,37,2,0,2,30,7,45,0,2,28,34,23,0,2,21,15,33,0,2,39,5,21,0,2,37,42,53,0,2,28,3,34,0,2,48,22,11,0,2,42,22,15,0,2,38,24,40,0,2,1,12,33,0,2,7,16,48,0,2,2,35,25,0,2,41,49,13,0,2,50,30,45,0,2,30,16,7,0,2,43,45,27,0,2,23,34,35,0,2,37,53,31,0,2,35,11,25,0,2,17,1,30,0,2,8,49,41,0,2,44,42,15,0,2,29,20,47,0,2,47,4,32,0,2,28,38,3,0,2,25,11,0,0,2,31,44,46,0,2,43,27,35,0,2,39,21,10,0,2,13,36,5,0,2,23,35,2,0,2,26,31,46,0,2,38,40,50,0,2,6,38,28,0,2,25,0,37,0,2,30,33,16,0,2,35,34,43,0,2,46,44,49,0,2,31,53,44,0,2,44,15,36,0,2,15,22,33,0,2,47,20,10,0,2,4,24,38,0,2,16,22,48,0,2,7,48,27,0,2,45,7,27,0,2,20,5,39,0,2,29,32,6,0,2,32,38,6,0,2,29,47,32,0,2,8,41,19,0,2,16,33,22,0,2,27,48,11,0,2,23,37,31,0,2,18,21,52,0,2,8,46,49,0,2,36,15,14,0,2,26,23,31,0,2,17,30,50,0,2,3,38,50,0]

}
