{

    "metadata" :
    {
        "formatVersion" : 3.1,
        "sourceFile"    : "iceberg-3.obj",
        "generatedBy"   : "OBJConverter",
        "vertices"      : 39,
        "faces"         : 74,
        "normals"       : 74,
        "colors"        : 0,
        "uvs"           : 0,
        "materials"     : 1
    },

    "scale" : 1.000000,

    "materials": [	{
	"DbgColor" : 15658734,
	"DbgIndex" : 0,
	"DbgName" : "default"
	}],

    "vertices": [111.837036,0.206177,77.710693,-99.151733,120.358154,-149.173096,-143.668335,124.283203,-15.511230,-29.036257,169.977173,155.924561,-164.071777,67.402588,-93.254883,-123.182861,13.927368,73.300049,123.495728,171.711182,91.012207,76.776001,162.887695,149.850586,145.210938,108.604614,45.557373,126.768921,184.165283,13.335938,-79.590942,59.891602,-172.611328,-135.870239,1.708008,-61.023926,53.835079,254.134644,-5.324708,126.482544,97.818970,-15.377930,75.497925,117.170654,-178.502197,-8.547487,105.904175,-174.627686,-46.563480,20.900024,-164.072021,142.969360,203.889038,-36.500244,-45.566288,87.566162,138.750000,57.182983,279.496216,125.851318,-19.930056,225.663574,-4.178467,-41.173584,268.860718,53.997070,59.302612,300.113525,47.990479,132.046753,246.725464,89.846924,-61.396122,7.233399,-26.946533,173.586060,84.077637,123.602783,33.660885,20.970703,-15.855470,22.850706,17.329834,-61.830322,-38.194458,16.336670,116.007568,67.726196,63.682251,181.272949,-114.006348,147.651855,106.425293,1.259641,247.527832,-65.512939,20.144041,213.023071,-154.721924,78.576660,240.235840,-75.877441,156.397583,27.585571,131.094727,-4.878054,254.447754,149.499023,-71.546021,169.448730,112.929932,-16.388796,220.679443,-131.378906,104.764771,130.864380,-150.422607],

    "morphTargets": [],

    "morphColors": [],

    "normals": [-0.13328,-0.98526,-0.10725,-0.39107,-0.31641,0.86426,-0.3706,-0.11766,0.92131,0.66374,-0.69487,-0.27676,-0.73577,0.62392,-0.26338,0.3905,0.3515,0.85085,-0.34963,0.91417,0.20507,-0.5993,-0.54496,-0.5864,-0.68033,0.062939,-0.7302,0.49123,0.87103,0.00065627,0.92012,-0.3197,-0.2262,-0.031125,-0.10944,-0.99351,-0.25532,0.21613,0.94239,-0.27532,0.93115,0.23907,-0.39679,0.55476,0.7313,-0.81937,0.2747,-0.50317,-0.28632,0.71625,-0.6364,0.4828,0.84322,0.23641,0.55271,0.69768,0.4558,0.68112,0.54308,-0.49105,-0.93222,-0.34173,0.11913,0.033875,-0.9956,0.087344,-0.53761,-0.16779,0.82633,0.57192,-0.68802,-0.4467,-0.41895,-0.31523,0.85153,-0.26779,0.74305,-0.61333,0.65317,0.53901,-0.53182,0.097534,-0.99387,-0.052033,-0.21532,0.2916,-0.93199,-0.72193,0.64156,-0.25926,0.046252,-0.84278,0.53627,0.60736,0.55761,0.56586,-0.63408,0.77324,0.0060314,0.95928,0.26979,0.083659,0.99333,-0.11285,0.02375,0.95224,-0.14957,-0.26619,-0.54973,-0.59423,-0.5871,0.070032,0.98311,-0.1691,0.76748,0.00081251,-0.64107,-0.068501,-0.86333,0.49998,-0.80092,0.46692,0.37485,-0.0070314,0.94686,-0.32157,-0.4026,0.47132,-0.78471,-0.28045,0.92766,0.24657,0.39189,-0.10847,0.9136,0.1376,-0.98942,0.045969,0.63548,-0.76701,-0.088658,0.035282,0.92211,-0.38532,-0.97061,0.0070002,0.24054,0.85596,-0.31482,-0.41014,-0.12053,0.63755,-0.76092,0.81657,-0.11353,-0.56597,0.074439,0.29494,0.95261,0.82499,0.37982,0.41848,-0.66696,0.73521,-0.12097,0.061095,0.058314,0.99643,0.5404,-0.74406,-0.39286,0.09694,-0.99022,-0.10038,0.63424,-0.70509,-0.31717,0.6396,0.5316,-0.55526,-0.22763,0.23651,-0.94459,-0.71107,-0.0038751,0.70311,0.40695,0.57898,-0.70652,0.29047,0.038407,0.95611,0.54445,0.20772,0.81267,0.96217,-0.16444,-0.21722,-0.0039376,-0.99793,0.064189,0.13825,-0.98957,0.040563,-0.69022,0.24906,0.67938,0.072189,-0.15463,-0.98533,-0.97259,0.034532,0.22994,0.88129,0.43547,-0.18353,0.78644,-0.080126,0.61244,-0.6358,0.7699,0.054783],

    "colors": [],

    "uvs": [[]],

    "faces": [34,0,28,26,0,0,0,0,34,28,29,18,0,1,1,1,34,29,3,18,0,2,2,2,34,27,38,13,0,3,3,3,34,4,2,1,0,4,4,4,34,7,23,35,0,5,5,5,34,12,31,20,0,6,6,6,34,11,4,10,0,7,7,7,34,10,4,1,0,8,8,8,34,33,12,17,0,9,9,9,34,13,38,8,0,10,10,10,34,16,15,14,0,11,11,11,34,18,36,30,0,12,12,12,34,22,21,19,0,13,13,13,34,30,36,21,0,14,14,14,34,21,20,30,0,15,15,15,34,20,21,12,0,16,16,16,34,22,19,23,0,17,17,17,34,17,12,9,0,18,18,18,34,22,23,9,0,19,19,19,34,11,5,4,0,20,20,20,34,24,5,11,0,21,21,21,34,30,5,18,0,22,22,22,34,34,26,13,0,23,23,23,34,28,18,5,0,24,24,24,34,21,22,12,0,25,25,25,34,12,22,9,0,26,26,26,34,27,24,11,0,27,27,27,34,1,15,10,0,28,28,28,34,1,2,37,0,29,29,29,34,0,29,28,0,30,30,30,34,6,7,25,0,31,31,31,34,2,30,20,0,32,32,32,34,8,9,6,0,33,33,33,34,6,9,23,0,34,34,34,34,34,13,8,0,35,35,35,34,10,16,11,0,36,36,36,34,33,31,12,0,37,37,37,34,0,26,34,0,38,38,38,34,0,34,29,0,39,39,39,34,21,36,35,0,40,40,40,34,37,33,32,0,41,41,41,34,1,37,32,0,42,42,42,34,19,21,35,0,43,43,43,34,23,19,35,0,44,44,44,34,27,26,24,0,45,45,45,34,13,26,27,0,46,46,46,34,31,33,37,0,47,47,47,34,30,4,5,0,48,48,48,34,34,8,25,0,49,49,49,34,15,33,14,0,50,50,50,34,33,15,32,0,51,51,51,34,3,29,7,0,52,52,52,34,17,9,8,0,53,53,53,34,31,37,2,0,54,54,54,34,7,35,3,0,55,55,55,34,16,14,27,0,56,56,56,34,16,27,11,0,57,57,57,34,38,27,14,0,58,58,58,34,17,38,33,0,59,59,59,34,1,32,15,0,60,60,60,34,18,3,36,0,61,61,61,34,33,38,14,0,62,62,62,34,25,7,34,0,63,63,63,34,34,7,29,0,64,64,64,34,38,17,8,0,65,65,65,34,24,28,5,0,66,66,66,34,28,24,26,0,67,67,67,34,3,35,36,0,68,68,68,34,16,10,15,0,69,69,69,34,2,4,30,0,70,70,70,34,6,25,8,0,71,71,71,34,23,7,6,0,72,72,72,34,20,31,2,0,73,73,73]

}
