{

    "metadata" :
    {
        "formatVersion" : 3.1,
        "sourceFile"    : "iceberg-3.obj",
        "generatedBy"   : "OBJConverter",
        "vertices"      : 54,
        "faces"         : 104,
        "normals"       : 105,
        "colors"        : 0,
        "uvs"           : 116,
        "materials"     : 1
    },

    "scale" : 1.000000,

    "materials": [	{
	"DbgColor" : 15658734,
	"DbgIndex" : 0,
	"DbgName" : "default"
	}],

    "vertices": [-278.649048,-370.625702,-286.583618,239.341461,-309.121490,-50.374416,242.425980,-174.631653,275.211395,-178.928513,-572.174683,109.714249,17.521076,-510.247070,-181.238678,92.879486,439.492279,107.569672,-338.060577,-214.075928,114.542091,67.644936,418.664185,-122.200241,-133.316010,-396.822357,-246.205505,293.119171,-494.626190,133.881699,213.455597,259.816223,-179.880173,-107.158348,-98.180824,332.211273,-160.824493,-546.561218,-84.511131,-170.168488,225.871964,160.399429,-180.766022,165.437546,-211.172577,-39.540077,452.087006,101.426262,-245.988663,-293.494110,-25.541451,-253.623184,-413.723206,235.859604,-97.032257,425.563599,-94.640144,-223.161087,121.133461,-84.833885,-237.227676,-54.172718,249.788055,276.537140,-446.045441,-41.479351,21.538019,191.205872,186.030197,-265.367706,-423.457672,-79.079720,0.548760,-482.040222,-302.712219,210.685028,97.314133,-10.848763,-105.222275,-131.134918,-341.407043,34.711529,-144.441589,277.393219,144.550858,-375.385895,282.033173,-9.576381,194.563904,-248.232483,207.263626,-411.428070,-253.848984,-46.173058,-440.502533,-84.801567,-169.606979,390.031647,37.552818,359.072174,-214.771774,38.791241,245.728027,135.438782,97.524651,-243.522110,-45.380013,109.989120,17.891096,-503.034241,118.626564,-59.299858,-440.363129,262.605408,269.628998,-228.394119,-177.400406,242.303268,-170.353302,159.300781,106.604691,-456.398285,-357.512817,262.067932,-85.302444,-267.971039,51.709167,-182.466675,-265.471405,-313.060211,-116.357841,-7.126134,183.318130,295.983215,186.460007,70.761513,133.680771,-199.225616,-306.461823,-268.779419,-150.520416,120.800888,420.931519,-23.346561,135.643768,-430.681274,4.971549,-329.934631,-490.281555,92.133568,-50.469280,101.016342,231.265411,220.639847,23.199121,267.378998,-78.793602,-413.233307,48.947182,108.524345,-568.708496,-65.347107],

    "morphTargets": [],

    "morphColors": [],

    "normals": [-0.015142,0.30524,0.95216,0,0,0,-0.23096,0.35289,0.90671,0.31298,-0.34953,-0.8831,-0.56186,0.49687,0.66139,-0.48647,0.18912,-0.85298,-0.098357,0.25865,-0.96095,0.74132,-0.15287,-0.65351,-0.18489,-0.95145,-0.2461,-0.18381,0.34599,0.92006,-0.88237,0.072439,-0.46495,-0.94254,0.24044,-0.23197,0.94553,-0.27952,-0.16685,0.014414,0.026937,0.99953,-0.14472,0.28897,-0.94634,-0.43255,0.9016,0.0048687,0.15924,0.33808,0.92755,0.22277,-0.8445,0.48703,-0.7102,0.37839,-0.59366,0.034864,0.99852,-0.04165,0.42868,0.30835,0.84921,-0.22852,-0.69461,-0.68213,0.61067,-0.78011,0.13606,-0.23699,0.17764,-0.95513,-0.84997,0.48207,0.21252,0.55875,0.072268,-0.82618,-0.14057,-0.031924,0.98956,-0.96635,0.25031,0.059253,-0.91244,0.21554,-0.34785,-0.87007,0.41592,0.26455,-0.40719,0.36478,0.83734,-0.88541,0.11321,0.45081,-0.86941,0.48911,0.069908,-0.83003,0.020797,-0.55734,-0.49252,-0.09657,-0.86493,-0.93483,0.2452,-0.25684,0.7165,-0.19537,0.66967,-0.26211,0.46355,-0.84642,-0.68118,-0.55754,-0.47449,0.25477,0.26327,0.93047,-0.55884,-0.82902,0.02063,-0.1076,-0.96508,-0.23883,-0.90259,-0.041911,0.42845,-0.17013,0.25878,0.95084,0.99397,0.10958,0.0029924,-0.14449,-0.98302,-0.11311,-0.12007,0.51776,-0.84706,0.4861,-0.52357,0.6997,-0.29139,0.16686,-0.94194,-0.043348,0.4614,0.88613,0.92281,-0.17004,-0.34569,0.88612,0.2654,0.37995,0.64804,-0.69972,0.30072,0.54582,0.094186,-0.83259,-0.11947,-0.98623,-0.11433,0.72791,0.060529,0.683,0.98799,0.15446,0.0046553,0.73527,0.12629,0.6659,0.62056,0.21092,-0.75526,0.75116,-0.41083,0.51671,0.70753,-0.66056,-0.2511,-0.087955,-0.021824,0.99589,-0.86641,-0.065648,0.49499,-0.3822,-0.0055046,0.92406,0.20199,-0.80146,-0.56291,-0.077568,0.2363,-0.96858,0.19194,-0.34897,-0.91727,0.85829,0.34812,-0.37703,-0.43627,-0.67729,0.59241,0.47067,0.15369,-0.86882,-0.91151,0.372,-0.17542,0.10089,0.98156,-0.16237,-0.10861,0.21014,-0.97162,0.048504,0.26411,0.96327,-0.94117,0.20453,0.269,0.85214,0.34219,-0.39592,-0.67496,-0.73772,-0.014209,0.98692,0.02123,0.1598,0.85509,-0.011863,0.51835,-0.86713,-0.28594,-0.40783,0.80953,0.42049,-0.40969,0.10959,-0.96473,-0.23933,0.062613,0.98993,-0.12699,0.98636,0.12203,0.11045,-0.63264,-0.5116,-0.5814,0.92672,-0.17743,-0.33121,0.44726,-0.89318,-0.046822,0.9635,0.2677,0.0024126,0.92471,-0.30065,0.23352,-0.72618,-0.68728,0.017428,-0.56649,-0.81663,-0.11047,0.87441,0.44589,-0.1913,0.62287,0.69919,-0.35097,0.93733,0.21059,0.27761,-0.96601,-0.25848,-0.0039821,-0.80959,0.014185,0.58682,0.94881,0.26987,0.1641,-0.89642,0.37881,0.23008,-0.4961,-0.84828,0.18525,0.57362,-0.25319,0.77901,0.31451,-0.14678,0.93784,-0.66703,-0.74427,-0.033647,-0.064033,-0.32093,-0.94494,0.32959,-0.76147,0.55814,-0.57621,-0.23954,0.78141],

    "colors": [],

    "uvs": [[0.22434,0.64769,0.15083,0.81742,0.27908,0.78819,0.32512,0.83153,0.13913,0.69777,0.25259,0.64538,0.54222,0.38408,0.54763,0.50009,0.61315,0.48375,0.76775,0.42817,0.32863,0.63676,0.38879,0.73794,0.47048,0.76495,0.60617,0.35239,0.63465,0.37202,0.79623,0.28013,0.63178,0.62141,0.65903,0.79484,0.71597,0.67009,0.90399,0.67505,0.68418,0.37179,0.69257,0.52652,0.87297,0.48483,0.84642,0.35838,0.80542,0.27219,0.77534,0.35151,0.98264,0.25294,0.25574,0.58703,0.39077,0.63089,0.36503,0.522,0.48994,0.8217,0.6045,0.87594,0.46801,0.44028,0.44476,0.60626,0.50605,0.62379,0.62585,0.61371,0.80623,0.46821,1.0768,0.26205,0.17106,0.38978,0.14424,0.47994,0.22068,0.48696,0.24774,0.43242,0.29419,0.565,0.26067,0.36008,0.21571,0.26033,0.18199,0.30366,0.50627,0.4122,0.58627,0.64479,0.68093,0.44981,0.7767,0.83692,0.82853,0.84034,0.27098,0.49984,0.31439,0.44949,0.45924,0.2836,0.6047,0.28261,0.75655,0.16166,0.050685,0.27219,0.73213,0.64154,0.37308,0.45601,0.41257,0.4927,0.50198,0.44002,0.79243,0.61056,0.31951,0.51265,0.32908,0.38643,0.39137,0.29922,0.439,0.47884,0.62614,0.33337,0.54463,0.59049,0.37868,0.46645,0.42473,0.42846,0.57544,0.37056,0.44967,0.39141,0.37484,0.37278,0.51809,0.3549,0.44725,0.37556,0.54794,0.28481,0.35892,0.34567,0.34986,0.29492,0.4189,0.17797,0.56382,0.16297,0.97045,0.26033,0.72865,0.23549,0.92078,0.099222,0.67377,0.2961,0.15049,0.56878,0.10658,0.48857,0.14646,0.42311,0.4599,0.2614,0.56469,0.13355,0.7585,0.25412,0.71983,0.45241,0.90909,0.38664,0.76218,0.4144,0.96521,0.33628,1.0236,0.40757,0.30073,0.26431,0.091685,0.35838,0.051489,0.46821,0.096555,0.43454,0.08693,0.6386,1.0225,0.14785,0.452,0.28113,0.86185,0.27982,0.78953,0.65599,0.43091,0.24521,0.15518,0.87026,0.034795,0.65599,0.070526,0.63333,0.24115,0.13214,0.15474,0.54082,0.98445,0.8961,1.0014,0.65637,0.13969,0.71173,0.90556,0.81742,1.1552,0.87026,0.076826,0.26205]],