{

    "metadata" :
    {
        "formatVersion" : 3.1,
        "sourceFile"    : "iceberg-2.obj",
        "generatedBy"   : "OBJConverter",
        "vertices"      : 54,
        "faces"         : 104,
        "normals"       : 105,
        "colors"        : 0,
        "uvs"           : 55,
        "materials"     : 1
    },

    "scale" : 1.000000,

    "materials": [	{
	"DbgColor" : 15658734,
	"DbgIndex" : 0,
	"DbgName" : "default"
	}],

    "vertices": [88.940804,127.705101,199.030807,225.591324,13.009514,-238.393204,246.396957,-382.880707,306.969269,107.569641,-524.327759,-63.891300,-123.511276,-401.843811,-250.355637,-152.674881,138.611084,-149.347733,-83.946472,-421.115143,-3.269068,217.247437,-35.845245,-44.350426,-285.723785,-430.957703,285.061737,-239.100784,-393.845520,-254.325867,-217.211823,-186.945343,-296.109772,187.675369,106.011375,175.551971,101.167824,326.805939,-161.204391,-298.396973,86.430748,-77.410210,-29.746916,338.975311,-141.709885,-34.707054,456.436035,-27.762985,147.413956,253.248611,31.685640,260.740479,-239.232635,-270.632538,-98.356155,-212.998489,-297.716980,-216.589478,-458.310303,155.017838,-233.385376,-220.213043,-53.030655,19.814505,153.810425,-200.094482,40.510376,405.509094,73.769913,112.479507,-391.362732,267.681396,-17.480801,-449.686951,-275.963135,256.246063,-190.419693,245.304688,-86.108475,-431.980927,283.156372,309.214355,-233.776871,58.447163,11.796399,-461.735260,135.729996,-307.853149,-466.891205,93.526451,221.286972,48.284058,-114.037132,-93.580200,-113.931419,276.152985,-159.706604,-507.587036,-87.481651,42.825344,407.312256,-13.575669,136.706223,-423.931915,4.246784,280.214508,-468.965973,109.682594,-141.133575,269.515961,-48.168926,27.262512,-48.690296,232.886673,17.299913,-481.678223,-182.129395,-251.529373,18.414221,-206.689041,103.725395,-447.390594,-333.898376,-316.357544,-179.001205,63.744732,-46.450211,453.861908,76.600822,246.746780,-418.475891,-60.086689,-150.400635,190.713760,109.933273,302.115387,-170.431625,-91.526566,-260.862640,-87.093117,201.790649,-277.656433,-397.433014,-82.487076,250.171738,88.363525,76.928932,-213.635193,-12.979306,58.929352,252.823532,-405.040192,-233.940491,124.082794,-141.466888,-237.005951,121.058258,74.860397,-254.247192,-64.259209,92.022560,280.511993],

    "morphTargets": [],

    "morphColors": [],

    "normals": [-0.95745,0.27675,0.081817,0,0,0,0.016322,-0.24527,-0.96932,-0.31138,-0.19194,-0.9307,0.26957,0.43449,0.85939,-0.82588,-0.082104,-0.55784,-0.56189,0.06868,0.82436,0.5843,-0.20184,-0.78603,-0.0031576,-0.98063,0.19582,-0.055341,-0.19202,-0.97983,0.040551,0.24476,-0.96874,0.29766,0.43505,0.84978,0.26295,0.0011743,-0.96481,-0.60718,0.41314,0.67871,-0.017718,0.30296,-0.95284,-0.97429,0.059177,-0.21737,0.28416,-0.072224,-0.95605,-0.24111,0.3194,-0.91643,-0.22529,0.25904,0.93923,-0.71471,0.45543,-0.53081,-0.16839,0.10185,-0.98044,-0.067755,-0.99705,-0.036018,0.010481,0.23463,0.97203,-0.41606,0.29961,-0.85856,-0.18351,-0.80537,-0.56365,-0.73091,0.36201,0.57855,-0.39205,-0.15521,-0.90675,0.9763,-0.21572,0.017454,0.10448,-0.077561,-0.9915,-0.83029,-0.21685,-0.51341,0.0028341,-0.97828,0.20727,0.75915,0.047812,0.64916,0.87922,0.46546,-0.1016,0.8054,-0.47467,0.35499,0.21377,-0.92028,0.3277,0.33917,0.34934,-0.87345,-0.72135,0.46223,-0.51574,0.15846,-0.98248,-0.098081,-0.98816,-0.12882,-0.083379,-0.28298,0.026978,0.95875,-0.29303,0.21529,-0.93155,-0.036208,-0.96566,-0.25726,0.89084,0.33515,-0.30671,0.0044789,-0.99703,-0.076895,0.1321,0.29631,0.94591,0.81238,0.34835,0.46764,0.42726,-0.89168,0.14953,0.45263,0.50144,-0.73735,-0.27542,0.58898,-0.75977,0.75548,0.29304,0.58598,0.68394,-0.53506,0.49591,0.76505,0.50969,0.3936,0.48644,0.87038,0.076203,-0.11652,-0.95245,-0.28153,0.92759,0.32064,0.19173,0.76973,0.32971,-0.54663,0.98585,0.0032403,0.16757,-0.61728,0.40155,0.67655,0.75632,0.21595,-0.61753,0.9535,0.16378,0.253,0.96179,-0.23293,-0.14391,-0.35321,-0.93188,0.082728,0.3706,-0.072359,0.92597,0.96479,0.17751,-0.19407,0.99033,0.13864,-0.0050492,-0.67816,0.43674,0.59107,-0.92987,0.35518,-0.09587,-0.96542,0.25216,-0.06612,-0.59174,-0.60971,-0.52735,-0.47622,-0.87808,0.046846,0.28,0.28079,0.91802,-0.31522,0.40857,0.85657,0.95603,-0.16995,-0.23901,-0.16285,0.3709,-0.91428,-0.51966,0.5507,-0.65321,-0.056565,-0.9186,0.39113,-0.40476,0.010625,0.91436,0.30031,-0.95282,-0.044249,-0.44863,-0.89242,0.048224,0.052226,0.17059,0.98396,0.83231,0.48753,-0.26379,-0.10683,-0.95858,-0.26403,-0.9351,0.32542,-0.1403,-0.85951,0.11181,0.49874,-0.86265,0.47106,0.18422,0.53081,0.8469,0.031552,-0.96852,0.24704,-0.030632,-0.43537,-0.88902,-0.14172,0.82776,0.54841,0.11858,0.88298,0.18655,-0.43076,0.85934,0.48442,0.16393,-0.738,0.32477,0.59151,0.37064,-0.794,0.48186,0.37288,-0.7941,0.47996,-0.64134,-0.66975,-0.37432,-0.83647,-0.41554,-0.35728,0.82229,0.56808,0.033521,0.84799,0.12589,0.51484,0.25492,0.16022,0.9536,-0.2397,0.32106,-0.91622,-0.94812,-0.0084096,-0.3178,-0.72109,0.46649,-0.51226,0.072855,0.023667,0.99706,0.97204,0.0055338,0.23474,0.18361,-0.87158,-0.45457],

    "colors": [],

    "uvs": [[-0.56818,0.4351,-0.252,1.4536,-0.20567,1.8476,0,1,-0.11756,-1.5092,-0.6955,-1.4692,0.0082192,-0.56499,0.4126,-1.7484,0.9447,1.1385,0.70255,2.5275,0.26775,2.7693,-1.0393,-1.8345,-1.0818,-0.39501,-0.66693,-0.60107,-0.58295,-1.7916,1.7641,-1.5252,1.0186,-1.737,1.8037,-0.69616,-0.92862,-1.6548,0.55898,-1.8087,0.069458,-1.6599,-0.58606,-0.43473,0.59907,1.2691,1.4384,1.0301,1.1204,-0.20733,-0.99198,0.93215,-0.88828,-1.4872,1.1053,0.8743,1.0058,2.134,0.63631,0.25655,0.71413,2.5366,1.628,0.56505,-0.80431,0.064534,-0.29853,-2.0379,0.5865,-1.9084,0.1787,0.96011,-0.26337,1.1931,2.0106,-0.35216,1.7337,-1.5924,2.0461,-0.66888,1.9011,-1.8448,1.6064,0.74142,1.0378,-2.1216,1.1835,-1.6197,1.0624,-1.4568,0.35127,2.1949,0.080268,-1.6056,-0.75765,0.59207,1.732,-1.4144,0.32646,2.7822,1.7812,-0.4521,1.5862,0.32077,1.7509,0.94182,1.2371,1.7662,0.032099,-0.069657]],