{

    "metadata" :
    {
        "formatVersion" : 3.1,
        "sourceFile"    : "triangle.obj",
        "generatedBy"   : "OBJConverter",
        "vertices"      : 4,
        "faces"         : 4,
        "normals"       : 12,
        "colors"        : 0,
        "uvs"           : 0,
        "materials"     : 1
    },

    "scale" : 1.000000,

    "materials": [	{
	"DbgColor" : 15658734,
	"DbgIndex" : 0,
	"DbgName" : "AS_fluid_connection_circle7:initialShadingGroup"
	}],

    "vertices": [0.212589,1.219133,-0.082863,0.637766,-0.406373,0.985018,0.924812,-0.406373,-0.985018,-0.924812,-0.406373,-0.248590],

    "morphTargets": [],

    "morphColors": [],

    "normals": [-0.34875,0.33333,-0.87593,-0.34875,0.33333,-0.87593,-0.34875,0.33333,-0.87593,-0.5842,0.33333,0.74,-0.5842,0.33333,0.74,-0.5842,0.33333,0.74,0.93296,0.33333,0.13594,0.93296,0.33333,0.13594,0.93296,0.33333,0.13594,0,-1,0,0,-1,0,0,-1,0],

    "colors": [],

    "uvs": [[]],

    "faces": [34,2,3,0,0,0,1,2,34,3,1,0,0,3,4,5,34,1,2,0,0,6,7,8,34,3,2,1,0,9,10,11]

}
